draw,date,n1,n2,n3,n4,n5,n6,bonus
1,20021207,10,23,29,33,37,40,16
2,20021214,9,13,21,25,32,42,2
3,20021221,11,16,19,21,27,31,30
4,20021228,14,27,30,31,40,42,2
5,20030104,16,24,29,40,41,42,3
6,20030111,14,15,26,27,40,42,34
7,20030118,2,9,16,25,26,40,42
8,20030125,8,19,25,34,37,39,9
9,20030201,2,4,16,17,36,39,14
10,20030208,9,25,30,33,41,44,6
11,20030215,1,7,36,37,41,42,14
12,20030222,2,11,21,25,39,45,44
13,20030301,22,23,25,37,38,42,26
14,20030308,2,6,12,31,33,40,15
15,20030315,3,4,16,30,31,37,13
16,20030322,6,7,24,37,38,40,33
17,20030329,3,4,9,17,32,37,1
18,20030405,3,12,13,19,32,35,29
19,20030412,6,30,38,39,40,43,26
20,20030419,10,14,18,20,23,30,41
21,20030426,6,12,17,18,31,32,21
22,20030503,4,5,6,8,17,39,25
23,20030510,5,13,17,18,33,42,44
24,20030517,7,8,27,29,36,43,6
25,20030524,2,4,21,26,43,44,16
26,20030531,4,5,7,18,20,25,31
27,20030607,1,20,26,28,37,43,27
28,20030614,9,18,23,25,35,37,1
29,20030621,1,5,13,34,39,40,11
30,20030628,8,17,20,35,36,44,4
31,20030705,7,9,18,23,28,35,32
32,20030712,6,14,19,25,34,44,11
33,20030719,4,7,32,33,40,41,9
34,20030726,9,26,35,37,40,42,2
35,20030802,2,3,11,26,37,43,39
36,20030809,1,10,23,26,28,40,31
37,20030816,7,27,30,33,35,37,42
38,20030823,16,17,22,30,37,43,36
39,20030830,6,7,13,15,21,43,8
40,20030906,7,13,18,19,25,26,6
41,20030913,13,20,23,35,38,43,34
42,20030920,17,18,19,21,23,32,1
43,20030927,6,31,35,38,39,44,1
44,20031004,3,11,21,30,38,45,39
45,20031011,1,10,20,27,33,35,17
46,20031018,8,13,15,23,31,38,39
47,20031025,14,17,26,31,36,45,27
48,20031101,6,10,18,26,37,38,3
49,20031108,4,7,16,19,33,40,30
50,20031115,2,10,12,15,22,44,1
51,20031122,2,3,11,16,26,44,35
52,20031129,2,4,15,16,20,29,1
53,20031206,7,8,14,32,33,39,42
54,20031213,1,8,21,27,36,39,37
55,20031220,17,21,31,37,40,44,7
56,20031227,10,14,30,31,33,37,19
57,20040103,7,10,16,25,29,44,6
58,20040110,10,24,25,33,40,44,1
59,20040117,6,29,36,39,41,45,13
60,20040124,2,8,25,36,39,42,11
61,20040131,14,15,19,30,38,43,8
62,20040207,3,8,15,27,29,35,21
63,20040214,3,20,23,36,38,40,5
64,20040221,14,15,18,21,26,36,39
65,20040228,4,25,33,36,40,43,39
66,20040306,2,3,7,17,22,24,45
67,20040313,3,7,10,15,36,38,33
68,20040320,10,12,15,16,26,39,38
69,20040327,5,8,14,15,19,39,35
70,20040403,5,19,22,25,28,43,26
71,20040410,5,9,12,16,29,41,21
72,20040417,2,4,11,17,26,27,1
73,20040424,3,12,18,32,40,43,38
74,20040501,6,15,17,18,35,40,23
75,20040508,2,5,24,32,34,44,28
76,20040515,1,3,15,22,25,37,43
77,20040522,2,18,29,32,43,44,37
78,20040529,10,13,25,29,33,35,38
79,20040605,3,12,24,27,30,32,14
80,20040612,17,18,24,25,26,30,1
81,20040619,5,7,11,13,20,33,6
82,20040626,1,2,3,14,27,42,39
83,20040703,6,10,15,17,19,34,14
84,20040710,16,23,27,34,42,45,11
85,20040717,6,8,13,23,31,36,21
86,20040724,2,12,37,39,41,45,33
87,20040731,4,12,16,23,34,43,26
88,20040807,1,17,20,24,30,41,27
89,20040814,4,26,28,29,33,40,37
90,20040821,17,20,29,35,38,44,10
91,20040828,1,21,24,26,29,42,27
92,20040904,3,14,24,33,35,36,17
93,20040911,6,22,24,36,38,44,19
94,20040918,5,32,34,40,41,45,6
95,20040925,8,17,27,31,34,43,14
96,20041002,1,3,8,21,22,31,20
97,20041009,6,7,14,15,20,36,3
98,20041016,6,9,16,23,24,32,43
99,20041023,1,3,10,27,29,37,11
100,20041030,1,7,11,23,37,42,6
101,20041106,1,3,17,32,35,45,8
102,20041113,17,22,24,26,35,40,42
103,20041120,5,14,15,27,30,45,10
104,20041127,17,32,33,34,42,44,35
105,20041204,8,10,20,34,41,45,28
106,20041211,4,10,12,22,24,33,29
107,20041218,1,4,5,6,9,31,17
108,20041225,7,18,22,23,29,44,12
109,20050101,1,5,34,36,42,44,33
110,20050108,7,20,22,23,29,43,1
111,20050115,7,18,31,33,36,40,27
112,20050122,26,29,30,33,41,42,43
113,20050129,4,9,28,33,36,45,26
114,20050205,11,14,19,26,28,41,2
115,20050212,1,2,6,9,25,28,31
116,20050219,2,4,25,31,34,37,17
117,20050226,5,10,22,34,36,44,35
118,20050305,3,4,10,17,19,22,38
119,20050312,3,11,13,14,17,21,38
120,20050319,4,6,10,11,32,37,30
121,20050326,12,28,30,34,38,43,9
122,20050402,1,11,16,17,36,40,8
123,20050409,7,17,18,28,30,45,27
124,20050416,4,16,23,25,29,42,1
125,20050423,2,8,32,33,35,36,18
126,20050430,7,20,22,27,40,43,1
127,20050507,3,5,10,29,32,43,35
128,20050514,12,30,34,36,37,45,39
129,20050521,19,23,25,28,38,42,17
130,20050528,7,19,24,27,42,45,31
131,20050604,8,10,11,14,15,21,37
132,20050611,3,17,23,34,41,45,43
133,20050618,4,7,15,18,23,26,13
134,20050625,3,12,20,23,31,35,43
135,20050702,6,14,22,28,35,39,16
136,20050709,2,16,30,36,41,42,11
137,20050716,7,9,20,25,36,39,15
138,20050723,10,11,27,28,37,39,19
139,20050730,9,11,15,20,28,43,13
140,20050806,3,13,17,18,19,28,8
141,20050813,8,12,29,31,42,43,2
142,20050820,12,16,30,34,40,44,19
143,20050827,26,27,28,42,43,45,8
144,20050903,4,15,17,26,36,37,43
145,20050910,2,3,13,20,27,44,9
146,20050917,2,19,27,35,41,42,25
147,20050924,4,6,13,21,40,42,36
148,20051001,21,25,33,34,35,36,17
149,20051008,2,11,21,34,41,42,27
150,20051015,2,18,25,28,37,39,16
151,20051022,1,2,10,13,18,19,15
152,20051029,1,5,13,26,29,34,43
153,20051105,3,8,11,12,13,36,33
154,20051112,6,19,21,35,40,45,20
155,20051119,16,19,20,32,33,41,4
156,20051126,5,18,28,30,42,45,2
157,20051203,19,26,30,33,35,39,37
158,20051210,4,9,13,18,21,34,7
159,20051217,1,18,30,41,42,43,32
160,20051224,3,7,8,34,39,41,1
161,20051231,22,34,36,40,42,45,44
162,20060107,1,5,21,25,38,41,24
163,20060114,7,11,26,28,29,44,16
164,20060121,6,9,10,11,39,41,27
165,20060128,5,13,18,19,22,42,31
166,20060204,9,12,27,36,39,45,14
167,20060211,24,27,28,30,36,39,4
168,20060218,3,10,31,40,42,43,30
169,20060225,16,27,35,37,43,45,19
170,20060304,2,11,13,15,31,42,10
171,20060311,4,16,25,29,34,35,1
172,20060318,4,19,21,24,26,41,35
173,20060325,3,9,24,30,33,34,18
174,20060401,13,14,18,22,35,39,16
175,20060408,19,26,28,31,33,36,17
176,20060415,4,17,30,32,33,34,15
177,20060422,1,10,13,16,37,43,6
178,20060429,1,5,11,12,18,23,9
179,20060506,5,9,17,25,39,43,32
180,20060513,2,15,20,21,29,34,22
181,20060520,14,21,23,32,40,45,44
182,20060527,13,15,27,29,34,40,35
183,20060603,2,18,24,34,40,42,5
184,20060610,1,2,6,16,20,33,41
185,20060617,1,2,4,8,19,38,14
186,20060624,4,10,14,19,21,45,9
187,20060701,1,2,8,18,29,38,42
188,20060708,19,24,27,30,31,34,36
189,20060715,8,14,32,35,37,45,28
190,20060722,8,14,18,30,31,44,15
191,20060729,5,6,24,25,32,37,8
192,20060805,4,8,11,18,37,45,33
193,20060812,6,14,18,26,36,39,13
194,20060819,15,20,23,26,39,44,28
195,20060826,7,10,19,22,35,40,31
196,20060902,35,36,37,41,44,45,30
197,20060909,7,12,16,34,42,45,4
198,20060916,12,19,20,25,41,45,2
199,20060923,14,21,22,25,30,36,43
200,20060930,5,6,13,14,17,20,7
201,20061007,3,11,24,38,39,44,26
202,20061014,12,14,27,33,39,44,17
203,20061021,1,3,11,24,30,32,7
204,20061028,3,12,14,35,40,45,5
205,20061104,1,3,21,29,35,37,30
206,20061111,1,2,3,15,20,25,43
207,20061118,3,11,14,31,32,37,38
208,20061125,14,25,31,34,40,44,24
209,20061202,2,7,18,20,24,33,37
210,20061209,10,19,22,23,25,37,39
211,20061216,12,13,17,20,33,41,8
212,20061223,11,12,18,21,31,38,8
213,20061230,2,3,4,5,20,24,42
214,20070106,5,7,20,25,28,37,32
215,20070113,2,3,7,15,43,44,4
216,20070120,7,16,17,33,36,40,1
217,20070127,16,20,27,33,35,39,38
218,20070203,1,8,14,18,29,44,20
219,20070210,4,11,20,26,35,37,16
220,20070217,5,11,19,21,34,43,31
221,20070224,2,20,33,35,37,40,10
222,20070303,5,7,28,29,39,43,44
223,20070310,1,3,18,20,26,27,38
224,20070317,4,19,26,27,30,42,7
225,20070324,5,11,13,19,31,36,7
226,20070331,2,6,8,14,21,22,34
227,20070407,4,5,15,16,22,42,2
228,20070414,17,25,35,36,39,44,23
229,20070421,4,5,9,11,23,38,35
230,20070428,5,11,14,29,32,33,12
231,20070505,5,10,19,31,44,45,27
232,20070512,8,9,10,12,24,44,35
233,20070519,4,6,13,17,28,40,39
234,20070526,13,21,22,24,26,37,4
235,20070602,21,22,26,27,31,37,8
236,20070609,1,4,8,13,37,39,7
237,20070616,1,11,17,21,24,44,33
238,20070623,2,4,15,28,31,34,35
239,20070630,11,15,24,39,41,44,7
240,20070707,6,10,16,40,41,43,21
241,20070714,2,16,24,27,28,35,21
242,20070721,4,19,20,21,32,34,43
243,20070728,2,12,17,19,28,42,34
244,20070804,13,16,25,36,37,38,19
245,20070811,9,11,27,31,32,38,22
246,20070818,13,18,21,23,26,39,15
247,20070825,12,15,28,36,39,40,13
248,20070901,3,8,17,23,38,45,13
249,20070908,3,8,27,31,41,44,11
250,20070915,19,23,30,37,43,45,38
251,20070922,6,7,19,25,28,38,45
252,20070929,14,23,26,31,39,45,28
253,20071006,8,19,25,31,34,36,33
254,20071013,1,5,19,20,24,30,27
255,20071020,1,5,6,24,27,42,32
256,20071027,4,11,14,21,23,43,32
257,20071103,6,13,27,31,32,37,4
258,20071110,14,27,30,31,38,40,17
259,20071117,4,5,14,35,42,45,34
260,20071124,7,12,15,24,37,40,43
261,20071201,6,11,16,18,31,43,2
262,20071208,9,12,24,25,29,31,36
263,20071215,1,27,28,32,37,40,18
264,20071222,9,16,27,36,41,44,5
265,20071229,5,9,34,37,38,39,12
266,20080105,3,4,9,11,22,42,37
267,20080112,7,8,24,34,36,41,1
268,20080119,3,10,19,24,32,45,12
269,20080126,5,18,20,36,42,43,32
270,20080202,5,9,12,20,21,26,27
271,20080209,3,8,9,27,29,40,36
272,20080216,7,9,12,27,39,43,28
273,20080223,1,8,24,31,34,44,6
274,20080301,13,14,15,26,35,39,25
275,20080308,14,19,20,35,38,40,26
276,20080315,4,15,21,33,39,41,25
277,20080322,10,12,13,15,25,29,20
278,20080329,3,11,37,39,41,43,13
279,20080405,7,16,31,36,37,38,11
280,20080412,10,11,23,24,36,37,35
281,20080419,1,3,4,6,14,41,12
282,20080426,2,5,10,18,31,32,30
283,20080503,6,8,18,31,38,45,42
284,20080510,2,7,15,24,30,45,28
285,20080517,13,33,37,40,41,45,2
286,20080524,1,15,19,40,42,44,17
287,20080531,6,12,24,27,35,37,41
288,20080607,1,12,17,28,35,41,10
289,20080614,3,14,33,37,38,42,10
290,20080621,8,13,18,32,39,45,7
291,20080628,3,7,8,18,20,42,45
292,20080705,17,18,31,32,33,34,10
293,20080712,1,9,17,21,29,33,24
294,20080719,6,10,17,30,37,38,40
295,20080726,1,4,12,16,18,38,8
296,20080802,3,8,15,27,30,45,44
297,20080809,6,11,19,20,28,32,34
298,20080816,5,9,27,29,37,40,19
299,20080823,1,3,20,25,36,45,24
300,20080830,7,9,10,12,26,38,39
301,20080906,7,11,13,33,37,43,26
302,20080913,13,19,20,32,38,42,4
303,20080920,2,14,17,30,38,45,43
304,20080927,4,10,16,26,33,41,38
305,20081004,7,8,18,21,23,39,9
306,20081011,4,18,23,30,34,41,19
307,20081018,5,15,21,23,25,45,12
308,20081025,14,15,17,19,37,45,40
309,20081101,1,2,5,11,18,36,22
310,20081108,1,5,19,28,34,41,16
311,20081115,4,12,24,27,28,32,10
312,20081122,2,3,5,6,12,20,25
313,20081129,9,17,34,35,43,45,2
314,20081206,15,17,19,34,38,41,2
315,20081213,1,13,33,35,43,45,23
316,20081220,10,11,21,27,31,39,43
317,20081227,3,10,11,22,36,39,8
318,20090103,2,17,19,20,34,45,21
319,20090110,5,8,22,28,33,42,37
320,20090117,16,19,23,25,41,45,3
321,20090124,12,18,20,21,25,34,42
322,20090131,9,18,29,32,38,43,20
323,20090207,10,14,15,32,36,42,3
324,20090214,2,4,21,25,33,36,17
325,20090221,7,17,20,32,44,45,33
326,20090228,16,23,25,33,36,39,40
327,20090307,6,12,13,17,32,44,24
328,20090314,1,6,9,16,17,28,24
329,20090321,9,17,19,30,35,42,4
330,20090328,3,4,16,17,19,20,23
331,20090404,4,9,14,26,31,44,39
332,20090411,16,17,34,36,42,45,3
333,20090418,5,14,27,30,39,43,35
334,20090425,13,15,21,29,39,43,33
335,20090502,5,9,16,23,26,45,21
336,20090509,3,5,20,34,35,44,16
337,20090516,1,5,14,18,32,37,4
338,20090523,2,13,34,38,42,45,16
339,20090530,6,8,14,21,30,37,45
340,20090606,18,24,26,29,34,38,32
341,20090613,1,8,19,34,39,43,41
342,20090620,1,13,14,33,34,43,25
343,20090627,1,10,17,29,31,43,15
344,20090704,1,2,15,28,34,45,38
345,20090711,15,20,23,29,39,42,2
346,20090718,5,13,14,22,44,45,33
347,20090725,3,8,13,27,32,42,10
348,20090801,3,14,17,20,24,31,34
349,20090808,5,13,14,20,24,25,36
350,20090815,1,8,18,24,29,33,35
351,20090822,5,25,27,29,34,36,33
352,20090829,5,16,17,20,26,41,24
353,20090905,11,16,19,22,29,36,26
354,20090912,14,19,36,43,44,45,1
355,20090919,5,8,29,30,35,44,38
356,20090926,2,8,14,25,29,45,24
357,20091003,10,14,18,21,36,37,5
358,20091010,1,9,10,12,21,40,37
359,20091017,1,10,19,20,24,40,23
360,20091024,4,16,23,25,35,40,27
361,20091031,5,10,16,24,27,35,33
362,20091107,2,3,22,27,30,40,29
363,20091114,11,12,14,21,32,38,6
364,20091121,2,5,7,14,16,40,4
365,20091128,5,15,21,25,26,30,31
366,20091205,5,12,19,26,27,44,38
367,20091212,3,22,25,29,32,44,19
368,20091219,11,21,24,30,39,45,26
369,20091226,17,20,35,36,41,43,21
370,20100102,16,18,24,42,44,45,17
371,20100109,7,9,15,26,27,42,18
372,20100116,8,11,14,16,18,21,13
373,20100123,15,26,37,42,43,45,9
374,20100130,11,13,15,17,25,34,26
375,20100206,4,8,19,25,27,45,7
376,20100213,1,11,13,24,28,40,7
377,20100220,6,22,29,37,43,45,23
378,20100227,5,22,29,31,34,39,43
379,20100306,6,10,22,31,35,40,19
380,20100313,1,2,8,17,26,37,27
381,20100320,1,5,10,12,16,20,11
382,20100327,10,15,22,24,27,42,19
383,20100403,4,15,28,33,37,40,25
384,20100410,11,22,24,32,36,38,7
385,20100417,7,12,19,21,29,32,9
386,20100424,4,7,10,19,31,40,26
387,20100501,1,26,31,34,40,43,20
388,20100508,1,8,9,17,29,32,45
389,20100515,7,16,18,20,23,26,3
390,20100522,16,17,28,37,39,40,15
391,20100529,10,11,18,22,28,39,30
392,20100605,1,3,7,8,24,42,43
393,20100612,9,16,28,40,41,43,21
394,20100619,1,13,20,22,25,28,15
395,20100626,11,15,20,26,31,35,7
396,20100703,18,20,31,34,40,45,30
397,20100710,12,13,17,22,25,33,8
398,20100717,10,15,20,23,42,44,7
399,20100724,1,2,9,17,19,42,20
400,20100731,9,21,27,34,41,43,2
401,20100807,6,12,18,31,38,43,9
402,20100814,5,9,15,19,22,36,32
403,20100821,10,14,22,24,28,37,26
404,20100828,5,20,21,24,33,40,36
405,20100904,1,2,10,25,26,44,4
406,20100911,7,12,21,24,27,36,45
407,20100918,6,7,13,16,24,25,1
408,20100925,9,20,21,22,30,37,16
409,20101002,6,9,21,31,32,40,38
410,20101009,1,3,18,32,40,41,16
411,20101016,11,14,22,35,37,39,5
412,20101023,4,7,39,41,42,45,40
413,20101030,2,9,15,23,34,40,3
414,20101106,2,14,15,22,23,44,43
415,20101113,7,17,20,26,30,40,24
416,20101120,5,6,8,11,22,26,44
417,20101127,4,5,14,20,22,43,44
418,20101204,11,13,15,26,28,34,31
419,20101211,2,11,13,14,28,30,7
420,20101218,4,9,10,29,31,34,27
421,20101225,6,11,26,27,28,44,30
422,20110101,8,15,19,21,34,44,12
423,20110108,1,17,27,28,29,40,5
424,20110115,10,11,26,31,34,44,30
425,20110122,8,10,14,27,33,38,3
426,20110129,4,17,18,27,39,43,19
427,20110205,6,7,15,24,28,30,21
428,20110212,12,16,19,22,37,40,8
429,20110219,3,23,28,34,39,42,16
430,20110226,1,3,16,18,30,34,44
431,20110305,18,22,25,31,38,45,6
432,20110312,2,3,5,11,27,39,33
433,20110319,19,23,29,33,35,43,27
434,20110326,3,13,20,24,33,37,35
435,20110402,8,16,26,30,38,45,42
436,20110409,9,14,20,22,33,34,28
437,20110416,11,16,29,38,41,44,21
438,20110423,6,12,20,26,29,38,45
439,20110430,17,20,30,31,37,40,25
440,20110507,10,22,28,34,36,44,2
441,20110514,1,23,28,30,34,35,9
442,20110521,25,27,29,36,38,40,41
443,20110528,4,6,10,19,20,44,14
444,20110604,11,13,23,35,43,45,17
445,20110611,13,20,21,30,39,45,32
446,20110618,1,11,12,14,26,35,6
447,20110625,2,7,8,9,17,33,34
448,20110702,3,7,13,27,40,41,36
449,20110709,3,10,20,26,35,43,36
450,20110716,6,14,19,21,23,31,13
451,20110723,12,15,20,24,30,38,29
452,20110730,8,10,18,30,32,34,27
453,20110806,12,24,33,38,40,42,30
454,20110813,13,25,27,34,38,41,10
455,20110820,4,19,20,26,30,35,24
456,20110827,1,7,12,18,23,27,44
457,20110903,8,10,18,23,27,40,33
458,20110910,4,9,10,32,36,40,18
459,20110917,4,6,10,14,25,40,12
460,20110924,8,11,28,30,43,45,41
461,20111001,11,18,26,31,37,40,43
462,20111008,3,20,24,32,37,45,4
463,20111015,23,29,31,33,34,44,40
464,20111022,6,12,15,34,42,44,4
465,20111029,1,8,11,13,22,38,31
466,20111105,4,10,13,23,32,44,20
467,20111112,2,12,14,17,24,40,39
468,20111119,8,13,15,28,37,43,17
469,20111126,4,21,22,34,37,38,33
470,20111203,10,16,20,39,41,42,27
471,20111210,6,13,29,37,39,41,43
472,20111217,16,25,26,31,36,43,44
473,20111224,8,13,20,22,23,36,34
474,20111231,4,13,18,31,33,45,43
475,20120107,1,9,14,16,21,29,3
476,20120114,9,12,13,15,37,38,27
477,20120121,14,25,29,32,33,45,37
478,20120128,18,29,30,37,39,43,8
479,20120204,8,23,25,27,35,44,24
480,20120211,3,5,10,17,30,31,16
481,20120218,3,4,23,29,40,41,20
482,20120225,1,10,16,24,25,35,43
483,20120303,12,15,19,22,28,34,5
484,20120310,1,3,27,28,32,45,11
485,20120317,17,22,26,27,36,39,20
486,20120324,1,2,23,25,38,40,43
487,20120331,4,8,25,27,37,41,21
488,20120407,2,8,17,30,31,38,25
489,20120414,2,4,8,15,20,27,11
490,20120421,2,7,26,29,40,43,42
491,20120428,8,17,35,36,39,42,4
492,20120505,22,27,31,35,37,40,42
493,20120512,20,22,26,33,36,37,25
494,20120519,5,7,8,15,30,43,22
495,20120526,4,13,22,27,34,44,6
496,20120602,4,13,20,29,36,41,39
497,20120609,19,20,23,24,43,44,13
498,20120616,13,14,24,32,39,41,3
499,20120623,5,20,23,27,35,40,43
500,20120630,3,4,12,20,24,34,41
501,20120707,1,4,10,17,31,42,2
502,20120714,6,22,28,32,34,40,26
503,20120721,1,5,27,30,34,36,40
504,20120728,6,14,22,26,43,44,31
505,20120804,7,20,22,25,38,40,44
506,20120811,6,9,11,22,24,30,31
507,20120818,12,13,32,33,40,41,4
508,20120825,5,27,31,34,35,43,37
509,20120901,12,25,29,35,42,43,24
510,20120908,12,29,32,33,39,40,42
511,20120915,3,7,14,23,26,42,24
512,20120922,4,5,9,13,26,27,1
513,20120929,5,8,21,23,27,33,12
514,20121006,1,15,20,26,35,42,9
515,20121013,2,11,12,15,23,37,8
516,20121020,2,8,23,41,43,44,30
517,20121027,1,9,12,28,36,41,10
518,20121103,14,23,30,32,34,38,6
519,20121110,6,8,13,16,30,43,3
520,20121117,4,22,27,28,38,40,1
521,20121124,3,7,18,29,32,36,19
522,20121201,4,5,13,14,37,41,11
523,20121208,1,4,37,38,40,45,7
524,20121215,10,11,29,38,41,45,21
525,20121222,11,23,26,29,39,44,22
526,20121229,7,14,17,20,35,39,31
527,20130105,1,12,22,32,33,42,38
528,20130112,5,17,25,31,39,40,10
529,20130119,18,20,24,27,31,42,39
530,20130126,16,23,27,29,33,41,22
531,20130202,1,5,9,21,27,35,45
532,20130209,16,17,23,24,29,44,3
533,20130216,9,14,15,17,31,33,23
534,20130223,10,24,26,29,37,38,32
535,20130302,11,12,14,15,18,39,34
536,20130309,7,8,18,32,37,43,12
537,20130316,12,23,26,30,36,43,11
538,20130323,6,10,18,31,32,34,11
539,20130330,3,19,22,31,42,43,26
540,20130406,3,12,13,15,34,36,14
541,20130413,8,13,26,28,32,34,43
542,20130420,5,6,19,26,41,45,34
543,20130427,13,18,26,31,34,44,12
544,20130504,5,17,21,25,36,44,10
545,20130511,4,24,25,27,34,35,2
546,20130518,8,17,20,27,37,43,6
547,20130525,6,7,15,22,34,39,28
548,20130601,1,12,13,21,32,45,14
549,20130608,29,31,35,38,40,44,17
550,20130615,1,7,14,20,34,37,41
551,20130622,3,6,20,24,27,44,25
552,20130629,1,10,20,32,35,40,43
553,20130706,2,7,17,28,29,39,37
554,20130713,13,14,17,32,41,42,6
555,20130720,11,17,21,24,26,36,12
556,20130727,12,20,23,28,30,44,43
557,20130803,4,20,26,28,35,40,31
558,20130810,12,15,19,26,40,43,29
559,20130817,11,12,25,32,44,45,23
560,20130824,1,4,20,23,29,45,28
561,20130831,5,7,18,37,42,45,20
562,20130907,4,11,13,17,20,31,33
563,20130914,5,10,16,17,31,32,21
564,20130921,14,19,25,26,27,34,2
565,20130928,4,10,18,27,40,45,38
566,20131005,4,5,6,25,26,43,41
567,20131012,1,10,15,16,32,41,28
568,20131019,1,3,17,20,31,44,40
569,20131026,3,6,13,23,24,35,1
570,20131102,1,12,26,27,29,33,42
571,20131109,11,18,21,26,38,43,29
572,20131116,3,13,18,33,37,45,1
573,20131123,2,4,20,34,35,43,14
574,20131130,14,15,16,19,25,43,2
575,20131207,2,8,20,30,33,34,6
576,20131214,10,11,15,25,35,41,13
577,20131221,16,17,22,31,34,37,33
578,20131228,5,12,14,32,34,42,16
579,20140104,5,7,20,22,37,42,39
580,20140111,5,7,9,11,32,35,33
581,20140118,3,5,14,20,42,44,33
582,20140125,2,12,14,33,40,41,25
583,20140201,8,17,27,33,40,44,24
584,20140208,7,18,30,39,40,41,36
585,20140215,6,7,10,16,38,41,4
586,20140222,2,7,12,15,21,34,5
587,20140301,14,21,29,31,32,37,17
588,20140308,2,8,15,22,25,41,30
589,20140315,6,8,28,33,38,39,22
590,20140322,20,30,36,38,41,45,23
591,20140329,8,13,14,30,38,39,5
592,20140405,2,5,6,13,28,44,43
593,20140412,9,10,13,24,33,38,28
594,20140419,2,8,13,25,28,37,3
595,20140426,8,24,28,35,38,40,5
596,20140503,3,4,12,14,25,43,17
597,20140510,8,10,23,24,35,43,37
598,20140517,4,12,24,33,38,45,22
599,20140524,5,12,17,29,34,35,27
600,20140531,5,11,14,27,29,36,44
601,20140607,2,16,19,31,34,35,37
602,20140614,13,14,22,27,30,38,2
603,20140621,2,19,25,26,27,43,28
604,20140628,2,6,18,21,33,34,30
605,20140705,1,2,7,9,10,38,42
606,20140712,1,5,6,14,20,39,22
607,20140719,8,14,23,36,38,39,13
608,20140726,4,8,18,19,39,44,41
609,20140802,4,8,27,34,39,40,13
610,20140809,14,18,20,23,28,36,33
611,20140816,2,22,27,33,36,37,14
612,20140823,6,9,18,19,25,33,40
613,20140830,7,8,11,16,41,44,35
614,20140906,8,21,25,39,40,44,18
615,20140913,10,17,18,19,23,27,35
616,20140920,5,13,18,23,40,45,3
617,20140927,4,5,11,12,24,27,28
618,20141004,8,16,25,30,42,43,15
619,20141011,6,8,13,30,35,40,21
620,20141018,2,16,17,32,39,45,40
621,20141025,1,2,6,16,19,42,9
622,20141101,9,15,16,21,28,34,24
623,20141108,7,13,30,39,41,45,25
624,20141115,1,7,19,26,27,35,16
625,20141122,3,6,7,20,21,39,13
626,20141129,13,14,26,33,40,43,15
627,20141206,2,9,22,25,31,45,12
628,20141213,1,7,12,15,23,42,11
629,20141220,19,28,31,38,43,44,1
630,20141227,8,17,21,24,27,31,15
631,20150103,1,2,4,23,31,34,8
632,20150110,15,18,21,32,35,44,6
633,20150117,9,12,19,20,39,41,13
634,20150124,4,10,11,12,20,27,38
635,20150131,11,13,25,26,29,33,32
636,20150207,6,7,15,16,20,31,26
637,20150214,3,16,22,37,38,44,23
638,20150221,7,18,22,24,31,34,6
639,20150228,6,15,22,23,25,32,40
640,20150307,14,15,18,21,26,35,23
641,20150314,11,18,21,36,37,43,12
642,20150321,8,17,18,24,39,45,32
643,20150328,15,24,31,32,33,40,13
644,20150404,5,13,17,23,28,36,8
645,20150411,1,4,16,26,40,41,31
646,20150418,2,9,24,41,43,45,30
647,20150425,5,16,21,23,24,30,29
648,20150502,13,19,28,37,38,43,4
649,20150509,3,21,22,33,41,42,20
650,20150516,3,4,7,11,31,41,35
651,20150523,11,12,16,26,29,44,18
652,20150530,3,13,15,40,41,44,20
653,20150606,5,6,26,27,38,39,1
654,20150613,16,21,26,31,36,43,6
655,20150620,7,37,38,39,40,44,18
656,20150627,3,7,14,16,31,40,39
657,20150704,10,14,19,39,40,43,23
658,20150711,8,19,25,28,32,36,37
659,20150718,7,18,19,27,29,42,45
660,20150725,4,9,23,33,39,44,14
661,20150801,2,3,12,20,27,38,40
662,20150808,5,6,9,11,15,37,26
663,20150815,3,5,8,19,38,42,20
664,20150822,10,20,33,36,41,44,5
665,20150829,5,6,11,17,38,44,13
666,20150905,2,4,6,11,17,28,16
667,20150912,15,17,25,37,42,43,13
668,20150919,12,14,15,24,27,32,3
669,20150926,7,8,20,29,33,38,9
670,20151003,11,18,26,27,40,41,25
671,20151010,7,9,10,13,31,35,24
672,20151017,8,21,28,31,36,45,43
673,20151024,7,10,17,29,33,44,5
674,20151031,9,10,14,25,27,31,11
675,20151107,1,8,11,15,18,45,7
676,20151114,1,8,17,34,39,45,27
677,20151121,12,15,24,36,41,44,42
678,20151128,4,5,6,12,25,37,45
679,20151205,3,5,7,14,26,34,35
680,20151212,4,10,19,29,32,42,30
681,20151219,21,24,27,29,43,44,7
682,20151226,17,23,27,35,38,43,2
683,20160102,6,13,20,27,28,40,15
684,20160109,1,11,15,17,25,39,40
685,20160116,6,7,12,28,38,40,18
686,20160123,7,12,15,24,25,43,13
687,20160130,1,8,10,13,28,42,45
688,20160206,5,15,22,23,34,35,2
689,20160213,7,17,19,30,36,38,34
690,20160220,24,25,33,34,38,39,43
691,20160227,15,27,33,35,43,45,16
692,20160305,3,11,14,15,32,36,44
693,20160312,1,6,11,28,34,42,30
694,20160319,7,15,20,25,33,43,12
695,20160326,4,18,26,33,34,38,14
696,20160402,1,7,16,18,34,38,21
697,20160409,2,5,8,11,33,39,31
698,20160416,3,11,13,21,33,37,18
699,20160423,4,5,8,16,21,29,3
700,20160430,11,23,28,29,30,44,13
701,20160507,3,10,14,16,36,38,35
702,20160514,3,13,16,24,26,29,9
703,20160521,10,28,31,33,41,44,21
704,20160528,1,4,8,23,33,42,45
705,20160604,1,6,17,22,28,45,23
706,20160611,3,4,6,10,28,30,37
707,20160618,2,12,19,24,39,44,35
708,20160625,2,10,16,19,34,45,1
709,20160702,10,18,30,36,39,44,32
710,20160709,3,4,9,24,25,33,10
711,20160716,11,15,24,35,37,45,42
712,20160723,17,20,30,31,33,45,19
713,20160730,2,5,15,18,19,23,44
714,20160806,1,7,22,33,37,40,20
715,20160813,2,7,27,33,41,44,10
716,20160820,2,6,13,16,29,30,21
717,20160827,2,11,19,25,28,32,44
718,20160903,4,11,20,23,32,39,40
719,20160910,4,8,13,19,20,43,26
720,20160917,1,12,29,34,36,37,41
721,20160924,1,28,35,41,43,44,31
722,20161001,12,14,21,30,39,43,45
723,20161008,20,30,33,35,36,44,22
724,20161015,2,8,33,35,37,41,14
725,20161022,6,7,19,21,41,43,38
726,20161029,1,11,21,23,34,44,24
727,20161105,7,8,10,19,21,31,20
728,20161112,3,6,10,30,34,37,36
729,20161119,11,17,21,26,36,45,16
730,20161126,4,10,14,15,18,22,39
731,20161203,2,7,13,25,42,45,39
732,20161210,2,4,5,17,27,32,43
733,20161217,11,24,32,33,35,40,13
734,20161224,6,16,37,38,41,45,18
735,20161231,5,10,13,27,37,41,4
736,20170107,2,11,17,18,21,27,6
737,20170114,13,15,18,24,27,41,11
738,20170121,23,27,28,38,42,43,36
739,20170128,7,22,29,33,34,35,30
740,20170204,4,8,9,16,17,19,31
741,20170211,5,21,27,34,44,45,16
742,20170218,8,10,13,36,37,40,6
743,20170225,15,19,21,34,41,44,10
744,20170304,10,15,18,21,34,41,43
745,20170311,1,2,3,9,12,23,10
746,20170318,3,12,33,36,42,45,25
747,20170325,7,9,12,14,23,28,17
748,20170401,3,10,13,22,31,32,29
749,20170408,12,14,24,26,34,45,41
750,20170415,1,2,15,19,24,36,12
751,20170422,3,4,16,20,28,44,17
752,20170429,4,16,20,33,40,43,7
753,20170506,2,17,19,24,37,41,3
754,20170513,2,8,17,24,29,31,32
755,20170520,13,14,26,28,30,36,37
756,20170527,10,14,16,18,27,28,4
757,20170603,6,7,11,17,33,44,1
758,20170610,5,9,12,30,39,43,24
759,20170617,9,33,36,40,42,43,32
760,20170624,10,22,27,31,42,43,12
761,20170701,4,7,11,24,42,45,30
762,20170708,1,3,12,21,26,41,16
763,20170715,3,8,16,32,34,43,10
764,20170722,7,22,24,31,34,36,15
765,20170729,1,3,8,12,42,43,33
766,20170805,9,30,34,35,39,41,21
767,20170812,5,15,20,31,34,42,22
768,20170819,7,27,29,30,38,44,4
769,20170826,5,7,11,16,41,45,4
770,20170902,1,9,12,23,39,43,34
771,20170909,6,10,17,18,21,29,30
772,20170916,5,6,11,14,21,41,32
773,20170923,8,12,19,21,31,35,44
774,20170930,12,15,18,28,34,42,9
775,20171007,11,12,29,33,38,42,17
776,20171014,8,9,18,21,28,40,20
777,20171021,6,12,17,21,34,37,18
778,20171028,6,21,35,36,37,41,11
779,20171104,6,12,19,24,34,41,4
780,20171111,15,17,19,21,27,45,16
781,20171118,11,16,18,19,24,39,43
782,20171125,6,18,31,34,38,45,20
783,20171202,14,15,16,17,38,45,36
784,20171209,3,10,23,24,31,39,22
785,20171216,4,6,15,25,26,33,40
786,20171223,12,15,16,20,24,30,38
787,20171230,5,6,13,16,27,28,9
788,20180106,2,10,11,19,35,39,29
789,20180113,2,6,7,12,19,45,38
790,20180120,3,8,19,27,30,41,12
791,20180127,2,10,12,31,33,42,32
792,20180203,2,7,19,25,29,36,16
793,20180210,10,15,21,35,38,43,31
794,20180217,6,7,18,19,30,38,13
795,20180224,3,10,13,26,34,38,36
796,20180303,1,21,26,36,40,41,5
797,20180310,5,22,31,32,39,45,36
798,20180317,2,10,14,22,32,36,41
799,20180324,12,17,23,34,42,45,33
800,20180331,1,4,10,12,28,45,26
801,20180407,17,25,28,37,43,44,2
802,20180414,10,11,12,18,24,42,27
803,20180421,5,9,14,26,30,43,2
804,20180428,1,10,13,26,32,36,9
805,20180505,3,12,13,18,31,32,42
806,20180512,14,20,23,31,37,38,27
807,20180519,6,10,18,25,34,35,33
808,20180526,15,21,31,32,41,43,24
809,20180602,6,11,15,17,23,40,39
810,20180609,5,10,13,21,39,43,11
811,20180616,8,11,19,21,36,45,25
812,20180623,1,3,12,14,16,43,10
813,20180630,11,30,34,35,42,44,27
814,20180707,2,21,28,38,42,45,30
815,20180714,17,21,25,26,27,36,4
816,20180721,12,18,19,29,31,39,7
817,20180728,3,9,12,13,25,43,34
818,20180804,14,15,25,28,29,30,3
819,20180811,16,25,33,38,40,45,15
820,20180818,10,21,22,30,35,42,6
821,20180825,1,12,13,24,29,44,16
822,20180901,9,18,20,24,27,36,12
823,20180908,12,18,24,26,39,40,15
824,20180915,7,9,24,29,34,38,26
825,20180922,8,15,21,31,33,38,42
826,20180929,13,16,24,25,33,36,42
827,20181006,5,11,12,29,33,44,14
828,20181013,4,7,13,29,31,39,18
829,20181020,4,5,31,35,43,45,29
830,20181027,5,6,16,18,37,38,17
831,20181103,3,10,16,19,31,39,9
832,20181110,13,14,19,26,40,43,30
833,20181117,12,18,30,39,41,42,19
834,20181124,6,8,18,35,42,43,3
835,20181201,9,10,13,28,38,45,35
836,20181208,1,9,11,14,26,28,19
837,20181215,2,25,28,30,33,45,6
838,20181222,9,14,17,33,36,38,20
839,20181229,3,9,11,12,13,19,35
840,20190105,2,4,11,28,29,43,27
841,20190112,5,11,14,30,33,38,24
842,20190119,14,26,32,36,39,42,38
843,20190126,19,21,30,33,34,42,4
844,20190202,7,8,13,15,33,45,18
845,20190209,1,16,29,33,40,45,6
846,20190216,5,18,30,41,43,45,13
847,20190223,12,16,26,28,30,42,22
848,20190302,1,2,16,22,38,39,34
849,20190309,5,13,17,29,34,39,3
850,20190316,16,20,24,28,36,39,5
851,20190323,14,18,22,26,31,44,40
852,20190330,11,17,28,30,33,35,9
853,20190406,2,8,23,26,27,44,13
854,20190413,20,25,31,32,36,43,3
855,20190420,8,15,17,19,43,44,7
856,20190427,10,24,40,41,43,44,17
857,20190504,6,10,16,28,34,38,43
858,20190511,9,13,32,38,39,43,23
859,20190518,8,22,35,38,39,41,24
860,20190525,4,8,18,25,27,32,42
861,20190601,11,17,19,21,22,25,24
862,20190608,10,34,38,40,42,43,32
863,20190615,16,21,28,35,39,43,12
864,20190622,3,7,10,13,25,36,32
865,20190629,3,15,22,32,33,45,2
866,20190706,9,15,29,34,37,39,12
867,20190713,14,17,19,22,24,40,41
868,20190720,12,17,28,41,43,44,25
869,20190727,2,6,20,27,37,39,4
870,20190803,21,25,30,32,40,42,31
871,20190810,2,6,12,26,30,34,38
872,20190817,2,4,30,32,33,43,29
873,20190824,3,5,12,13,33,39,38
874,20190831,1,15,19,23,28,42,32
875,20190907,19,22,30,34,39,44,36
876,20190914,5,16,21,26,34,42,24
877,20190921,5,17,18,22,23,43,12
878,20190928,2,6,11,16,25,31,3
879,20191005,1,4,10,14,15,35,20
880,20191012,7,17,19,23,24,45,38
881,20191019,4,18,20,26,27,32,9
882,20191026,18,34,39,43,44,45,23
883,20191102,9,18,32,33,37,44,22
884,20191109,4,14,23,28,37,45,17
885,20191116,1,3,24,27,39,45,31
886,20191123,19,23,28,37,42,45,2
887,20191130,8,14,17,27,36,45,10
888,20191207,3,7,12,31,34,38,32
889,20191214,3,13,29,38,39,42,26
890,20191221,1,4,14,18,29,37,6
891,20191228,9,13,28,31,39,41,19
892,20200104,4,9,17,18,26,42,36
893,20200111,1,15,17,23,25,41,10
894,20200118,19,32,37,40,41,43,45
895,20200125,16,26,31,38,39,41,23
896,20200201,5,12,25,26,38,45,23
897,20200208,6,7,12,22,26,36,29
898,20200215,18,21,28,35,37,42,17
899,20200222,8,19,20,21,33,39,37
900,20200229,7,13,16,18,35,38,14
901,20200307,5,18,20,23,30,34,21
902,20200314,7,19,23,24,36,39,30
903,20200321,2,15,16,21,22,28,45
904,20200328,2,6,8,26,43,45,11
905,20200404,3,4,16,27,38,40,20
906,20200411,2,5,14,28,31,32,20
907,20200418,21,27,29,38,40,44,37
908,20200425,3,16,21,22,23,44,30
909,20200502,7,24,29,30,34,35,33
910,20200509,1,11,17,27,35,39,31
911,20200516,4,5,12,14,32,42,35
912,20200523,5,8,18,21,22,38,10
913,20200530,6,14,16,21,27,37,40
914,20200606,16,19,24,33,42,44,27
915,20200613,2,6,11,13,22,37,14
916,20200620,6,21,22,32,35,36,17
917,20200627,1,3,23,24,27,43,34
918,20200704,7,11,12,31,33,38,5
919,20200711,9,14,17,18,42,44,35
920,20200718,2,3,26,33,34,43,29
921,20200725,5,7,12,22,28,41,1
922,20200801,2,6,13,17,27,43,36
923,20200808,3,17,18,23,36,41,26
924,20200815,3,11,34,42,43,44,13
925,20200822,13,24,32,34,39,42,4
926,20200829,10,16,18,20,25,31,6
927,20200905,4,15,22,38,41,43,26
928,20200912,3,4,10,20,28,44,30
929,20200919,7,9,12,15,19,23,4
930,20200926,8,21,25,38,39,44,28
931,20201003,14,15,23,25,35,43,32
932,20201010,1,6,15,36,37,38,5
933,20201017,23,27,29,31,36,45,37
934,20201024,1,3,30,33,36,39,12
935,20201031,4,10,20,32,38,44,18
936,20201107,7,11,13,17,18,29,43
937,20201114,2,10,13,22,29,40,26
938,20201121,4,8,10,16,31,36,9
939,20201128,4,11,28,39,42,45,6
940,20201205,3,15,20,22,24,41,11
941,20201212,12,14,25,27,39,40,35
942,20201219,10,12,18,35,42,43,39
943,20201226,1,8,13,36,44,45,39
944,20210102,2,13,16,19,32,33,42
945,20210109,9,10,15,30,33,37,26
946,20210116,9,18,19,30,34,40,20
947,20210123,3,8,17,20,27,35,26
948,20210130,13,18,30,31,38,41,5
949,20210206,14,21,35,36,40,44,30
950,20210213,3,4,15,22,28,40,10
951,20210220,2,12,30,31,39,43,38
952,20210227,4,12,22,24,33,41,38
953,20210306,7,9,22,27,37,42,34
954,20210313,1,9,26,28,30,41,32
955,20210320,4,9,23,26,29,33,8
956,20210327,10,11,20,21,25,41,40
957,20210403,4,15,24,35,36,40,1
958,20210410,2,9,10,16,35,37,1
959,20210417,1,14,15,24,40,41,35
960,20210424,2,18,24,30,32,45,14
961,20210501,11,20,29,31,33,42,43
962,20210508,1,18,28,31,34,43,40
963,20210515,6,12,19,23,34,42,35
964,20210522,6,21,36,38,39,43,30
965,20210529,2,13,25,28,29,36,34
966,20210605,1,21,25,29,34,37,36
967,20210612,1,6,13,37,38,40,9
968,20210619,2,5,12,14,24,39,33
969,20210626,3,9,10,29,40,45,7
970,20210703,9,11,16,21,28,36,5
971,20210710,2,6,17,18,21,26,7
972,20210717,3,6,17,23,37,39,26
973,20210724,22,26,31,37,41,42,24
974,20210731,1,2,11,16,39,44,32
975,20210807,7,8,9,17,22,24,5
976,20210814,4,12,14,25,35,37,2
977,20210821,2,9,10,14,22,44,16
978,20210828,1,7,15,32,34,42,8
979,20210904,7,11,16,21,27,33,24
980,20210911,3,13,16,23,24,35,14
981,20210918,27,36,37,41,43,45,32
982,20210925,5,7,13,20,21,44,33
983,20211002,13,23,26,31,35,43,15
984,20211009,3,10,23,35,36,37,18
985,20211016,17,21,23,30,34,44,19
986,20211023,7,10,16,28,41,42,40
987,20211030,2,4,15,23,29,38,7
988,20211106,2,13,20,30,31,41,27
989,20211113,17,18,21,27,29,33,26
990,20211120,2,4,25,26,36,37,28
991,20211127,13,18,25,31,33,44,38
992,20211204,12,20,26,33,44,45,24
993,20211211,6,14,16,18,24,42,44
994,20211218,1,3,8,24,27,35,28
995,20211225,1,4,13,29,38,39,7
996,20220101,6,11,15,24,32,39,28
997,20220108,4,7,14,16,24,44,20
998,20220115,13,17,18,20,42,45,41
999,20220122,1,3,9,14,18,28,34
1000,20220129,2,8,19,22,32,42,39
1001,20220205,6,10,12,14,20,42,15
1002,20220212,17,25,33,35,38,45,15
1003,20220219,1,4,29,39,43,45,31
1004,20220226,7,15,30,37,39,44,18
1005,20220305,8,13,18,24,27,29,17
1006,20220312,8,11,15,16,17,37,36
1007,20220319,8,11,16,19,21,25,40
1008,20220326,9,11,30,31,41,44,33
1009,20220402,15,23,29,34,40,44,20
1010,20220409,9,12,15,25,34,36,3
1011,20220416,1,9,12,26,35,38,42
1012,20220423,5,11,18,20,35,45,3
1013,20220430,21,22,26,34,36,41,32
1014,20220507,3,11,14,18,26,27,21
1015,20220514,14,23,31,33,37,40,44
1016,20220521,15,26,28,34,41,42,44
1017,20220528,12,18,22,23,30,34,32
1018,20220604,3,19,21,25,37,45,35
1019,20220611,1,4,13,17,34,39,6
1020,20220618,12,27,29,38,41,45,6
1021,20220625,12,15,17,24,29,45,16
1022,20220702,5,6,11,29,42,45,28
1023,20220709,10,14,16,18,29,35,25
1024,20220716,9,18,20,22,38,44,10
1025,20220723,8,9,20,25,29,33,7
1026,20220730,5,12,13,31,32,41,34
1027,20220806,14,16,27,35,39,45,5
1028,20220813,5,7,12,13,18,35,23
1029,20220820,12,30,32,37,39,41,24
1030,20220827,2,5,11,17,24,29,9
1031,20220903,6,7,22,32,35,36,19
1032,20220910,1,6,12,19,36,42,28
1033,20220917,3,11,15,20,35,44,10
1034,20220924,26,31,32,33,38,40,11
1035,20221001,9,14,34,35,41,42,2
1036,20221008,2,5,22,32,34,45,39
1037,20221015,2,14,15,22,27,33,31
1038,20221022,7,16,24,27,37,44,2
1039,20221029,2,3,6,19,36,39,26
1040,20221105,8,16,26,29,31,36,11
1041,20221112,6,7,9,11,17,18,45
1042,20221119,5,14,15,23,34,43,4
1043,20221126,3,5,12,22,26,31,19
1044,20221203,12,17,20,26,28,36,4
1045,20221210,6,14,15,19,21,41,37
1046,20221217,7,16,25,29,35,36,28
1047,20221224,2,20,33,40,42,44,32
1048,20221231,6,12,17,21,32,39,30
1049,20230107,3,5,13,20,21,37,17
1050,20230114,6,12,31,35,38,43,17
1051,20230121,21,26,30,32,33,35,44
1052,20230128,5,17,26,27,35,38,1
1053,20230204,22,26,29,30,34,45,15
1054,20230211,14,19,27,28,30,45,33
1055,20230218,4,7,12,14,22,33,31
1056,20230225,13,20,24,32,36,45,29
1057,20230304,8,13,19,27,40,45,12
1058,20230311,11,23,25,30,32,40,42
1059,20230318,7,10,22,25,34,40,27
1060,20230325,3,10,24,33,38,45,36
1061,20230401,4,24,27,35,37,45,15
1062,20230408,20,31,32,40,41,45,12
1063,20230415,3,6,22,23,24,38,30
1064,20230422,3,6,9,18,22,35,14
1065,20230429,3,18,19,23,32,45,24
1066,20230506,6,11,16,19,21,32,45
1067,20230513,7,10,19,23,28,33,18
1068,20230520,4,7,19,26,33,35,3
1069,20230527,1,10,18,22,28,31,44
1070,20230603,3,6,14,22,30,41,36
1071,20230610,1,2,11,21,30,35,39
1072,20230617,16,18,20,23,32,43,27
1073,20230624,6,18,28,30,32,38,15
1074,20230701,1,6,20,27,28,41,15
1075,20230708,1,23,24,35,44,45,10
1076,20230715,3,7,9,33,36,37,10
1077,20230722,4,8,17,30,40,43,34
1078,20230729,6,10,11,14,36,38,43
1079,20230805,4,8,18,24,37,45,6
1080,20230812,13,16,23,31,36,44,38
1081,20230819,1,9,16,23,24,38,17
1082,20230826,21,26,27,32,34,42,31
1083,20230902,3,7,14,15,22,38,17
1084,20230909,8,12,13,29,33,42,5
1085,20230916,4,7,17,18,38,44,36
1086,20230923,11,16,25,27,35,36,37
1087,20230930,13,14,18,21,34,44,16
1088,20231007,11,21,22,30,39,44,31
1089,20231014,4,18,31,37,42,43,40
1090,20231021,12,19,21,29,40,45,1
1091,20231028,6,20,23,24,28,30,44
1092,20231104,7,18,19,26,33,45,37
1093,20231111,10,17,22,30,35,43,44
1094,20231118,6,7,15,22,26,40,41
1095,20231125,8,14,28,29,34,40,12
1096,20231202,1,12,16,19,23,43,34
1097,20231209,14,33,34,35,37,40,4
1098,20231216,12,16,21,24,41,43,15
1099,20231223,3,20,28,38,40,43,4
1100,20231230,17,26,29,30,31,43,12
1101,20240106,6,7,13,28,36,42,41
1102,20240113,13,14,22,26,37,38,20
1103,20240120,10,12,29,31,40,44,2
1104,20240127,1,7,21,30,35,38,2
1105,20240203,6,16,34,37,39,40,11
1106,20240210,1,3,4,29,42,45,36
1107,20240217,6,14,30,31,40,41,29
1108,20240224,7,19,26,37,39,44,27
1109,20240302,10,12,13,19,33,40,2
1110,20240309,3,7,11,20,22,41,24
1111,20240316,3,13,30,33,43,45,4
1112,20240323,16,20,26,36,42,44,24
1113,20240330,11,13,20,21,32,44,8
1114,20240406,10,16,19,32,33,38,3
1115,20240413,7,12,23,32,34,36,8
1116,20240420,15,16,17,25,30,31,32
1117,20240427,3,4,9,30,33,36,7
1118,20240504,11,13,14,15,16,45,3
1119,20240511,1,9,12,13,20,45,3
1120,20240518,2,19,26,31,38,41,34
1121,20240525,6,24,31,32,38,44,8
1122,20240601,3,6,21,30,34,35,22
1123,20240608,13,19,21,24,34,35,26
1124,20240615,3,8,17,30,33,34,28
1125,20240622,6,14,25,33,40,44,30
1126,20240629,4,5,9,11,37,40,7
1127,20240706,10,15,24,30,31,37,32
1128,20240713,1,5,8,16,28,33,45
1129,20240720,5,10,11,17,28,34,22
1130,20240727,15,19,21,25,27,28,40
1131,20240803,1,2,6,14,27,38,33
1132,20240810,6,7,19,28,34,41,5
1133,20240817,13,14,20,28,29,34,23
1134,20240824,3,7,9,13,19,24,23
1135,20240831,1,6,13,19,21,33,4
1136,20240907,21,33,35,38,42,44,1
1137,20240914,4,9,12,15,33,45,26
1138,20240921,14,16,19,20,29,34,35
1139,20240928,5,12,15,30,37,40,18
1140,20241005,7,10,22,29,31,38,15
1141,20241012,7,11,12,21,26,35,20
1142,20241019,2,8,28,30,37,41,22
1143,20241026,10,16,17,27,28,36,6
1144,20241102,3,4,12,15,26,34,6
1145,20241109,2,11,31,33,37,44,32
1146,20241116,6,11,17,19,40,43,28
1147,20241123,7,11,24,26,27,37,32
1148,20241130,3,6,13,15,16,22,32
1149,20241207,8,15,19,21,32,36,38
1150,20241214,8,9,18,35,39,45,25
1151,20241221,2,3,9,15,27,29,8
1152,20241228,30,31,32,35,36,37,5
1153,20250104,1,9,10,13,35,44,5
1154,20250111,4,8,22,26,32,38,27
1155,20250118,10,16,19,27,37,38,13
1156,20250125,30,31,34,39,41,45,7
1157,20250201,5,7,12,20,25,26,28
1158,20250208,21,25,27,32,37,38,20
1159,20250215,3,9,27,28,38,39,7
1160,20250222,7,13,18,36,39,45,19
1161,20250301,2,12,20,24,34,42,37
1162,20250308,20,21,22,25,28,29,6
1163,20250315,2,13,15,16,33,43,4
1164,20250322,17,18,23,25,38,39,22
1165,20250329,6,7,27,29,38,45,17
1166,20250405,14,23,25,27,29,42,16
1167,20250412,8,23,31,35,39,40,24
1168,20250419,9,21,24,30,33,37,29
1169,20250426,5,12,24,26,39,42,20
1170,20250503,3,13,28,34,38,42,25
1171,20250510,3,6,7,11,12,17,19
1172,20250517,7,9,24,40,42,44,45
1173,20250524,1,5,18,20,30,35,3
1174,20250531,8,11,14,17,36,39,22
1175,20250607,3,4,6,8,32,42,31
1176,20250614,7,9,11,21,30,35,29
1177,20250621,3,7,15,16,19,43,21
1178,20250628,5,6,11,27,43,44,17
1179,20250705,3,16,18,24,40,44,21
1180,20250712,6,12,18,37,40,41,3
1181,20250719,8,10,14,20,33,41,28
1182,20250726,1,13,21,25,28,31,22
1183,20250802,4,15,17,23,27,36,31
1184,20250809,14,16,23,25,31,37,42
1185,20250816,6,17,22,28,29,32,38
1186,20250823,2,8,13,16,23,28,35
1187,20250830,5,13,26,29,37,40,42
1188,20250906,3,4,12,19,22,27,9
1189,20250913,9,19,29,35,37,38,31
1190,20250920,7,9,19,23,26,45,33
1191,20250927,1,4,11,12,20,41,2
1192,20251004,10,16,23,36,39,40,11
1193,20251011,6,9,16,19,24,28,17
1194,20251018,3,13,15,24,33,37,2
1195,20251025,3,15,27,33,34,36,37
1196,20251101,8,12,15,29,40,45,14
1197,20251108,1,5,7,26,28,43,30
1198,20251115,26,30,33,38,39,41,21
1199,20251122,16,24,25,30,31,32,7
1200,20251129,1,2,4,16,20,32,45
1201,20251206,7,9,24,27,35,36,37
1202,20251213,5,12,21,33,37,40,7
1203,20251220,3,6,18,29,35,39,24
1204,20251227,8,16,28,30,31,44,27
1205,20260103,1,4,16,23,31,41,2
1206,20260110,1,3,17,26,27,42,23
1207,20260117,10,22,24,27,38,45,11
1208,20260124,6,27,30,36,38,42,25
1209,20260131,2,17,20,35,37,39,24
1210,20260207,1,7,9,17,27,38,31
1211,20260214,23,26,27,35,38,40,10
1212,20260221,5,8,25,31,41,44,45
1213,20260228,5,11,25,27,36,38,2
1214,20260307,10,15,19,27,30,33,14
1215,20260314,13,15,19,21,44,45,39
1216,20260321,3,10,14,15,23,24,25
1217,20260328,8,10,15,20,29,31,41
1218,20260404,3,28,31,32,42,45,25
1219,20260411,1,2,15,28,39,45,31
1220,20260418,2,22,25,28,34,43,16
1221,20260425,6,13,18,28,30,36,9
1222,20260502,4,11,17,22,32,41,34
1223,20260509,16,18,20,32,33,39,26
1224,20260516,9,18,21,27,44,45,28
1225,20260523,8,9,19,25,41,42,33
1226,20260530,4,6,13,17,26,28,41
1227,20260606,1,14,16,34,41,44,13
1228,20260613,24,29,30,31,35,44,1
1229,20260620,12,13,29,34,37,42,16
1230,20260627,3,8,9,22,28,42,45
1231,20260704,4,13,14,18,31,38,15
1232,20260711,12,15,19,22,24,36,3
1233,20260718,2,7,20,25,37,40,29
1234,20260725,1,15,19,31,35,43,27
1235,20260801,6,7,11,15,39,43,20
1236,20260808,12,18,21,29,34,38,10
1237,20260815,10,20,23,34,37,40,36
1238,20260822,2,13,18,32,38,42,22
1239,20260829,11,13,22,32,33,36,8
